Format,Players,Name,URL,Date,Status,Organization
Commander,73,"cEDH $5K Commander Celebration Package - SCG CON Milwaukee - February 20-22, 2026","https://melee.gg/Tournament/View/395162",2026-02-21,Ended,Star City Games
Commander,67,"cEDH $5K Commander Celebration Package - SCG CON Richmond - March 6-8, 2026","https://melee.gg/Tournament/View/402373",2026-03-07,Ended,Star City Games
Commander,60,"cEDH $5K Commander Celebration Package - SCG CON Portland - January 23-25, 2026","https://melee.gg/Tournament/View/389996",2026-01-24,Ended,Star City Games
Commander,40,"cEDH $5K Commander Celebration Package - SCG CON Atlanta - January 9-11, 2026","https://melee.gg/Tournament/View/387504",2026-01-10,Ended,Star City Games
Draft,342,"Pro Tour Lorwyn Eclipsed in Richmond, USA","https://melee.gg/Tournament/View/394299",2026-01-30,Ended,Wizards of the Coast
Duel Commander,223,[Lyon Sat 08:45] Duel Commander Main Event,"https://melee.gg/Tournament/View/394573",2026-01-10,Ended,Fanfinity
Duel Commander,94,CHAMPIONNAT RÉGIONAL Alsace 07/03/2026,"https://melee.gg/Tournament/View/408223",2026-03-07,Ended,MTGPRIME
Duel Commander,94,CHAMPIONNAT REGIONAL LIMOUSIN,"https://melee.gg/Tournament/View/404100",2026-02-22,Ended,MTGPRIME
Duel Commander,87,CHAMPIONNAT REGIONAL : Languedoc Roussillon 22/02/2026,"https://melee.gg/Tournament/View/405656",2026-02-22,Ended,MTGPRIME
Duel Commander,87,Duel Commander CR Aquitaine,"https://melee.gg/Tournament/View/401539",2026-02-07,Ended,MTG Pau
Duel Commander,78,CHAMPIONNAT REGIONAL : Haute Normandie 08/03,"https://melee.gg/Tournament/View/409170",2026-03-08,Ended,MTGPRIME
Duel Commander,70,OQ DC Aquitaine ,"https://melee.gg/Tournament/View/403210",2026-02-08,Ended,MTG Pau
Duel Commander,69,OPEN QUALIFIER : Franche Comté TCG BEsançon 24/01/2025,"https://melee.gg/Tournament/View/396837",2026-01-24,Ended,MTGPRIME
Duel Commander,68,CHAMPIONNAT RÉGIONAL : Franche-Comté - TCG Besançon 25/01/2026 ,"https://melee.gg/Tournament/View/383483",2026-01-25,Ended,MTGPRIME
Duel Commander,66,[Lyon Sun 10:00] Duel Commander Rebound,"https://melee.gg/Tournament/View/394578",2026-01-11,Ended,Fanfinity
Duel Commander,62,CHAMPIONNAT REGIONAL BOURGOGNE 01/03/2026,"https://melee.gg/Tournament/View/404103",2026-03-01,Ended,MTGPRIME
Duel Commander,56,OPEN QUALIFIER Haure normandie 07/03,"https://melee.gg/Tournament/View/410313",2026-03-07,Ended,MTGPRIME
Duel Commander,55,OPEN QUALIFIER : Alsace Ohlungen 08/03/2026,"https://melee.gg/Tournament/View/408229",2026-03-08,Ended,MTGPRIME
Duel Commander,54,OPEN QUALIFIER LIMOUSIN 21/02,"https://melee.gg/Tournament/View/404101",2026-02-21,Ended,MTGPRIME
Duel Commander,45,OPEN QUALIFIER : PACA - Au dé chanceux 11/01/2026,"https://melee.gg/Tournament/View/391363",2026-01-11,Ended,MTGPRIME
Duel Commander,44,OPEN QUALIFIER : Languedoc-Roussillon 21/02/2026,"https://melee.gg/Tournament/View/406101",2026-02-21,Ended,MTGPRIME
Duel Commander,32,OPEN QUALIFIER : PACA : Heaven Quest,"https://melee.gg/Tournament/View/399726",2026-02-07,Ended,MTGPRIME
Duel Commander,31,OPEN QUALIFIER : PACA -  Game Me More 01/02/2026,"https://melee.gg/Tournament/View/397158",2026-02-01,Ended,MTGPRIME
Duel Commander,29,OPEN QUALIFIER PAYS DE LA LOIRE : angers 14/02,"https://melee.gg/Tournament/View/400871",2026-02-14,Ended,MTGPRIME
Duel Commander,25,MMS Duel Commander 1k,"https://melee.gg/Tournament/View/401683",2026-02-15,Ended,Meh Games
Duel Commander,23,CR PAYS DE LA LOIRE : Angers 15/02/2026,"https://melee.gg/Tournament/View/400869",2026-02-15,Ended,MTGPRIME
Legacy,135,Legacy ELM Qualifier (LawLeague Edition),"https://melee.gg/Tournament/View/398987",2026-01-31,Ended,Dungeon Street
Legacy,98,Bazaar of Boxes Series 17,"https://melee.gg/Tournament/View/396577",2026-02-07,Ended,Bazaar of Boxes
Legacy,77,Super Legacy EP Games 4K+ ,"https://melee.gg/Tournament/View/389563",2026-01-17,Ended,Mont CardShop
Legacy,50,$1K Legacy - SCG CON Richmond - Friday - 10:00 am,"https://melee.gg/Tournament/View/402335",2026-03-06,Ended,Star City Games
Legacy,48,Legacy Cup Cologne - ELM Qualifier,"https://melee.gg/Tournament/View/386983",2026-03-08,Ended,Legacy League Cologne
Legacy,44,$1K Legacy - SCG CON Richmond - Sunday - 9:00 am,"https://melee.gg/Tournament/View/402336",2026-03-08,Ended,Star City Games
Legacy,40,2026 Eco Championship Qualifier #1 by ecobaronenMTG,"https://melee.gg/Tournament/View/399462",2026-02-07,Ended,Eco's Barony
Legacy,40,レガシー対戦会　第6回おそとでレガシー in 名古屋,"https://melee.gg/Tournament/View/402180",2026-02-07,Ended,おうちでレガシー/Legacy at Home
Legacy,37,Legacy Showdown - European Legacy Masters Qualifier,"https://melee.gg/Tournament/View/405568",2026-02-21,Ended,Bath TCG
Legacy,30,CLC 2026 | Etapa 01,"https://melee.gg/Tournament/View/394402",2026-02-08,Ended,Circuito Legacy Catarinense
Legacy,25,1ª etapa SP Legacy,"https://melee.gg/Tournament/View/394382",2026-01-25,Ended,SP Legacy
Legacy,25,Mont Weekly Legacy,"https://melee.gg/Tournament/View/396669",2026-01-15,Ended,Mont CardShop
Legacy,24,Legacy Day ZGS,"https://melee.gg/Tournament/View/399981",2026-02-01,Ended,Zebu Geek Store
Legacy,24,Mont Weekly Legacy,"https://melee.gg/Tournament/View/395048",2026-01-08,Ended,Mont CardShop
Legacy,22,CLC 2026 | Etapa 02,"https://melee.gg/Tournament/View/405958",2026-03-01,Ended,Circuito Legacy Catarinense
Legacy,21,Mont Weekly Legacy,"https://melee.gg/Tournament/View/408581",2026-03-05,Ended,Mont CardShop
Legacy,20,1º Black League - Legacy,"https://melee.gg/Tournament/View/393504",2026-01-11,Ended,Black League
Legacy,20,1º Open MLL - Mont Legacy League ,"https://melee.gg/Tournament/View/404525",2026-02-21,Ended,Mont CardShop
Legacy,20,2ª etapa SP Legacy,"https://melee.gg/Tournament/View/402050",2026-02-22,Ended,SP Legacy
Legacy,18,3º Black League - Legacy,"https://melee.gg/Tournament/View/409749",2026-03-08,Ended,Black League
Legacy,18,Mont Weekly Legacy,"https://melee.gg/Tournament/View/398541",2026-01-22,Ended,Mont CardShop
Legacy,18,Mont Weekly Legacy,"https://melee.gg/Tournament/View/399716",2026-01-29,Ended,Mont CardShop
Legacy,18,Mont Weekly Legacy,"https://melee.gg/Tournament/View/404810",2026-02-19,Ended,Mont CardShop
Legacy,17,1ª Etapa - 5ª Liga Legacy Jundiaí,"https://melee.gg/Tournament/View/397701",2026-02-08,Ended,Shinu Made
Legacy,17,ELM Qualifier -  Win a Savannah!,"https://melee.gg/Tournament/View/408125",2026-03-07,Ended,MTG Oslo Legacy
Legacy,17,Mont Weekly Legacy,"https://melee.gg/Tournament/View/400958",2026-02-05,Ended,Mont CardShop
Modern,202,Destination Qualifier Modern,"https://melee.gg/Tournament/View/399006",2026-02-01,Ended,Dungeon Street
Modern,150,$uper $unday RCQ - Modern - SCG CON Milwaukee - Sunday - 10:00 am,"https://melee.gg/Tournament/View/395229",2026-02-22,Ended,Star City Games
Modern,92,$uper $unday RCQ - Modern - SCG CON Portland - Sunday - 10:00 am,"https://melee.gg/Tournament/View/390011",2026-01-25,Ended,Star City Games
Modern,87,[Lyon Sun 09:30] Destination Qualifier: Modern,"https://melee.gg/Tournament/View/394577",2026-01-11,Ended,Fanfinity
Modern,84,ReCQ - Modern - SCG CON Milwaukee - Saturday - 4:00 pm,"https://melee.gg/Tournament/View/395232",2026-02-21,Ended,Star City Games
Modern,83,$1K Modern - SCG CON Milwaukee - Friday - 10:00 am,"https://melee.gg/Tournament/View/395278",2026-02-20,Ended,Star City Games
Modern,72,Рождественский турнир по модерну,"https://melee.gg/Tournament/View/392633",2026-01-10,Ended,Magic tournaments Russia
Modern,68,$uper $unday RCQ - Modern - SCG CON Richmond - Sunday - 10:00 am,"https://melee.gg/Tournament/View/402341",2026-03-08,Ended,Star City Games
Modern,64,$uper $unday RCQ - Modern - SCG CON Atlanta - Sunday - 10:00 am,"https://melee.gg/Tournament/View/387526",2026-01-11,Ended,Star City Games
Modern,58,ReCQ - Modern - SCG CON Milwaukee - Saturday - 12:00 pm,"https://melee.gg/Tournament/View/395230",2026-02-21,Ended,Star City Games
Modern,56,ReCQ - Modern - SCG CON Portland - Saturday - 1:00 pm,"https://melee.gg/Tournament/View/390015",2026-01-24,Ended,Star City Games
Modern,55,ReCQ - Modern - SCG CON Milwaukee - Saturday - 2:00 pm,"https://melee.gg/Tournament/View/395231",2026-02-21,Ended,Star City Games
Modern,48,ReCQ - Modern - SCG CON Portland - Saturday - 3:00 pm,"https://melee.gg/Tournament/View/390016",2026-01-24,Ended,Star City Games
Modern,43,ReCQ - Modern - SCG CON Atlanta - Friday - 1:00 pm,"https://melee.gg/Tournament/View/387510",2026-01-09,Ended,Star City Games
Modern,42,ReCQ - Modern - SCG CON Richmond - Friday - 1:00 pm,"https://melee.gg/Tournament/View/402357",2026-03-06,Ended,Star City Games
Modern,40,ReCQ - Modern - SCG CON Richmond - Saturday - 12:00 pm,"https://melee.gg/Tournament/View/402362",2026-03-07,Ended,Star City Games
Modern,34,ReCQ - Modern - SCG CON Atlanta - Saturday - 12:00 pm,"https://melee.gg/Tournament/View/387511",2026-01-10,Ended,Star City Games
Premodern,31,PRE MODERN ROAD TO NACIONAL,"https://melee.gg/Tournament/View/401145",2026-02-07,Ended,Mulligan.Games
Modern,29,Sooner Sorcerer State Championship '26,"https://melee.gg/Tournament/View/388219",2026-02-28,Ended,Game HQ
Modern,26,4º Torneio - 14ª Liga Arena Guardians ,"https://melee.gg/Tournament/View/393710",2026-01-05,Ended,Arena Guardians Tournaments
Modern,26,5º Torneio - 14ª Liga Arena Guardians ,"https://melee.gg/Tournament/View/397299",2026-01-19,Ended,Arena Guardians Tournaments
Modern,26,ReCQ - Modern - SCG CON Atlanta - Saturday - 2:00 pm,"https://melee.gg/Tournament/View/387514",2026-01-10,Ended,Star City Games
Modern,25,ReCQ - Modern - SCG CON Milwaukee - Sunday - 11:00 am,"https://melee.gg/Tournament/View/395233",2026-02-22,Ended,Star City Games
Modern,25,ReCQ - Modern - SCG CON Portland - Sunday - 12:00 pm,"https://melee.gg/Tournament/View/390018",2026-01-25,Ended,Star City Games
Modern,25,ReCQ - Modern - SCG CON Richmond - Saturday - 2:00 pm,"https://melee.gg/Tournament/View/402364",2026-03-07,Ended,Star City Games
Modern,24,3-City Challenge | Destination Qualifier: Modern Challenge #23,"https://melee.gg/Tournament/View/400779",2026-02-21,Ended,SideQuest
Modern,24,6º Torneio - 14ª Liga Arena Guardians ,"https://melee.gg/Tournament/View/400763",2026-02-02,Ended,Arena Guardians Tournaments
Modern,20,2º Black League - Modern,"https://melee.gg/Tournament/View/401376",2026-02-08,Ended,Black League
Modern,19,7º Torneio - 14ª Liga Arena Guardians ,"https://melee.gg/Tournament/View/406575",2026-02-23,Ended,Arena Guardians Tournaments
Modern,16,3-City Challenge | Destination Qualifier: Modern Challenge #24,"https://melee.gg/Tournament/View/400780",2026-02-22,Ended,SideQuest
Modern,16,Kalmar Eternal Fest - Modern,"https://melee.gg/Tournament/View/408760",2026-02-28,Ended,Kalmar Eternal
Pauper,178,Super IPT Pauper Scream,"https://melee.gg/Tournament/View/398993",2026-01-31,Ended,Dungeon Street
Pauper,67,[Turin Sat 09:00] Path to Paupergeddon,"https://melee.gg/Tournament/View/409397",2026-03-07,Ended,Fanfinity
Pauper,48,Pimpou Pauper 2k,"https://melee.gg/Tournament/View/398682",2026-01-24,Ended,Pimpou Cards
Pauper,47,FIRST BLOOD: PAUPER EDITION ,"https://melee.gg/Tournament/View/389956",2026-01-04,Ended,Dracarys
Pauper,46,$1K Pauper - SCG CON Atlanta - Friday - 10:00 am,"https://melee.gg/Tournament/View/387523",2026-01-09,Ended,Star City Games
Pauper,42,1º Open MPL - Mont Pauper League ,"https://melee.gg/Tournament/View/404527",2026-02-28,Ended,Mont CardShop
Pauper,42,SECOND BLOOD: PAUPER EDITION ,"https://melee.gg/Tournament/View/402707",2026-03-01,Ended,Dracarys
Pauper,40,BRISTOL PAUPER LEAGUE WINTER '25: LEG 4,"https://melee.gg/Tournament/View/389212",2026-01-08,Ended,Pauper League Bristol
Pauper,39,Mont Weekly Pauper,"https://melee.gg/Tournament/View/394678",2026-01-06,Ended,Mont CardShop
Pauper,38,Mont Weekly Pauper,"https://melee.gg/Tournament/View/396386",2026-01-13,Ended,Mont CardShop
Pauper,37,$1K Pauper - SCG CON Atlanta - Sunday - 9:00 am,"https://melee.gg/Tournament/View/387522",2026-01-11,Ended,Star City Games
Pauper,37,BRISTOL PAUPER LEAGUE WINTER '25: LEG 5,"https://melee.gg/Tournament/View/389959",2026-01-15,Ended,Pauper League Bristol
Pauper,37,Mont Weekly Pauper,"https://melee.gg/Tournament/View/402702",2026-02-10,Ended,Mont CardShop
Pauper,36,"Lega Pauper Genova, Winter Season Lunedi 16 Ore 20.30  ","https://melee.gg/Tournament/View/403937",2026-02-16,Ended,Lega Pauper Genova
Pauper,36,Pimpou Pauper 2k,"https://melee.gg/Tournament/View/403856",2026-02-23,Ended,Pimpou Cards
Pauper,33,"Lega Pauper Genova, Winter Season Lunedi 9 Febbraio Ore 20.30     ","https://melee.gg/Tournament/View/401807",2026-02-09,Ended,Lega Pauper Genova
Pauper,32,"Lega Pauper Genova, Winter Season Lunedi 23 Ore 20.30   ","https://melee.gg/Tournament/View/405664",2026-02-23,Ended,Lega Pauper Genova
Pauper,32,"Lega Pauper Genova, Winter Season Lunedi 5 Gennaio Ore 20.30      ","https://melee.gg/Tournament/View/393446",2026-01-05,Ended,Lega Pauper Genova
Pauper,32,Mont Weekly Pauper,"https://melee.gg/Tournament/View/399710",2026-01-27,Ended,Mont CardShop
Pauper,31,BRISTOL PAUPER LEAGUE WINTER '25: LEG 6,"https://melee.gg/Tournament/View/389960",2026-01-22,Ended,Pauper League Bristol
Pauper,31,Mont Weekly Pauper,"https://melee.gg/Tournament/View/400620",2026-02-03,Ended,Mont CardShop
Pauper,30,BRISTOL PAUPER LEAGUE WINTER '25: LEG 8,"https://melee.gg/Tournament/View/389962",2026-02-05,Ended,Pauper League Bristol
Pauper,30,BRISTOL PAUPER LEAGUE WINTER '25: LEG 9,"https://melee.gg/Tournament/View/389963",2026-02-12,Ended,Pauper League Bristol
Pauper,30,"Lega Pauper Genova, Summer Season Lunedi 2 Marzo Ore 20.30   ","https://melee.gg/Tournament/View/407807",2026-03-02,Ended,Lega Pauper Genova
Pauper,30,Mont Weekly Pauper,"https://melee.gg/Tournament/View/397976",2026-01-20,Ended,Mont CardShop
Pauper,29,BRISTOL PAUPER LEAGUE WINTER '25: LEG 7,"https://melee.gg/Tournament/View/389961",2026-01-29,Ended,Pauper League Bristol
Pauper,27,BRISTOL PAUPER LEAGUE WINTER '25: LEG 10,"https://melee.gg/Tournament/View/389964",2026-02-19,Ended,Pauper League Bristol
Pauper,26,"Lega Pauper Genova, Winter Season Lunedi 19 Gennaio Ore 20.30   ","https://melee.gg/Tournament/View/396602",2026-01-19,Ended,Lega Pauper Genova
Pauper,25,"Lega Pauper Genova, Winter Season Lunedi 2 Febbraio Ore 20.30    ","https://melee.gg/Tournament/View/400194",2026-02-02,Ended,Lega Pauper Genova
Pauper,25,Mont Weekly Pauper,"https://melee.gg/Tournament/View/404253",2026-02-17,Ended,Mont CardShop
Pauper,25,Mont Weekly Pauper,"https://melee.gg/Tournament/View/406222",2026-02-24,Ended,Mont CardShop
Pauper,25,Sprint Wheel Event - Geddon Series 4^ tappa WINTER Ed. 2025,"https://melee.gg/Tournament/View/378180",2026-02-03,Ended,Pauperwave
Pauper,25,WPC Winter Ed. 2026,"https://melee.gg/Tournament/View/398109",2026-02-07,Ended,Wageningen Pauper Cup
Pauper,24,BRISTOL PAUPER LEAGUE WINTER '26: REBOUND EVENT,"https://melee.gg/Tournament/View/405461",2026-02-26,Ended,Pauper League Bristol
Pauper,24,Historic Pauper Cup III,"https://melee.gg/Tournament/View/394636",2026-02-22,In Progress,The Platypus Association (MTGA Pauper)
Pauper,24,"Lega Pauper Genova, Winter Season Lunedi 12 Gennaio Ore 20.30  ","https://melee.gg/Tournament/View/395112",2026-01-12,Ended,Lega Pauper Genova
Pauper,23,"Lega Pauper Genova, Winter Season Lunedi 26 Gennaio Ore 20.30   ","https://melee.gg/Tournament/View/397985",2026-01-26,Ended,Lega Pauper Genova
Pauper,23,Mont Weekly Pauper,"https://melee.gg/Tournament/View/408312",2026-03-03,Ended,Mont CardShop
Pauper,20,SFIDA DEI CAMPIONI,"https://melee.gg/Tournament/View/403783",2026-02-15,Ended,LegaPauperRoma
Pauper,19,Copa Rio Qualifier,"https://melee.gg/Tournament/View/405728",2026-02-22,Ended,Mtg Volta Redonda
Pauper,18,Mont Weekly FNM Pauper,"https://melee.gg/Tournament/View/403291",2026-02-13,Ended,Mont CardShop
Pauper,18,NYC Pauper League Season 4 Championship,"https://melee.gg/Tournament/View/402573",2026-02-15,Ended,Hex & Company
Pauper,17,Pauper $1k,"https://melee.gg/Tournament/View/395854",2026-01-10,Ended,Owl Central Games
Pauper,17,Sprint Wheel Event - Geddon Series 3^ tappa WINTER Ed. 2025 ,"https://melee.gg/Tournament/View/378179",2026-01-06,Ended,Pauperwave
Pauper,17,Weekly FNM Pauper,"https://melee.gg/Tournament/View/407699",2026-02-27,Ended,Mont CardShop
Pioneer,19,Spotlight Series: Ricky,"https://melee.gg/Tournament/View/388655",2026-01-31,Ended,Crew3 Podcast
Pioneer,16,Pioneer Spark!! ONLINE 15th -MTGArena-,"https://melee.gg/Tournament/View/405150",2026-02-21,Ended,Pioneer Spark!!
Premodern,51,1st Hungarian Premodern Nationals,"https://melee.gg/Tournament/View/403380",2026-02-21,Ended,PreTownRivers
Premodern,42,$1K Premodern - SCG CON Milwaukee - Saturday - 10:00 am,"https://melee.gg/Tournament/View/395244",2026-02-21,Ended,Star City Games
Premodern,42,$1K Premodern - SCG CON Portland - Friday - 10:00 am,"https://melee.gg/Tournament/View/390005",2026-01-23,Ended,Star City Games
Premodern,39,$1K Premodern - SCG CON Milwaukee - Friday - 10:30 am,"https://melee.gg/Tournament/View/395227",2026-02-20,Ended,Star City Games
Premodern,36,$1K Premodern - SCG CON Portland - Sunday - 9:00 am,"https://melee.gg/Tournament/View/390007",2026-01-25,Ended,Star City Games
Premodern,34,Premodern Winter 1K,"https://melee.gg/Tournament/View/390113",2026-02-28,Ended,Top Deck Games
Premodern,34,Road To National - Covilhã ,"https://melee.gg/Tournament/View/396302",2026-02-21,Ended,Roll'Oriental
Premodern,29,"Pimpou Premodern 2,5k","https://melee.gg/Tournament/View/403858",2026-02-21,Ended,Pimpou Cards
Premodern,28,$1K Premodern - SCG CON Milwaukee - Sunday - 9:00 am,"https://melee.gg/Tournament/View/395228",2026-02-22,Ended,Star City Games
Premodern,24,Crab Cup Invitational Qualifier 2026 #2,"https://melee.gg/Tournament/View/403668",2026-02-15,Ended,Crab Cup
Premodern,21,Premodern Litoral Alentejano '26 - Primeira Jornada,"https://melee.gg/Tournament/View/393998",2026-01-24,Ended,Premodern Santiago do Cacem
Premodern,21,Road To National Premodern 31/01/2026,"https://melee.gg/Tournament/View/392494",2026-01-31,Ended,End Turn
Premodern,21,WINTERGEDDON 2026,"https://melee.gg/Tournament/View/401528",2026-03-07,Ended,Núcleo Premodern de Santiago do Cacém
Premodern,20,Team Gush End Step Premodern Tournament ,"https://melee.gg/Tournament/View/394481",2026-02-07,Ended,Wax Packs and Throwbacks
Premodern,18,Premodern Litoral Alentejano '26 - Segunda Jornada,"https://melee.gg/Tournament/View/399923",2026-02-21,Ended,Premodern Santiago do Cacem
Premodern,16,Liga PreModern Covilhã 16,"https://melee.gg/Tournament/View/407489",2026-02-26,Ended,Roll'Oriental
Premodern,16,SPMCR Monthly PM Olympus Garden Febrero,"https://melee.gg/Tournament/View/405529",2026-03-01,Ended,SPMCR
Standard,1202,Regional Championship - SCG CON Milwaukee - Season 4 - Round 2 - Saturday - 9:00 am,"https://melee.gg/Tournament/View/339227",2026-02-21,Ended,Star City Games
Standard,985,Ultimate Guard European Magic Series - Regional Championship - Turin 2026,"https://melee.gg/Tournament/View/392336",2026-03-07,Ended,Fanfinity
Standard,905,Regional Championship - SCG CON Portland - Season 4 - Round 2 - Saturday - 9:00 am,"https://melee.gg/Tournament/View/331949",2026-01-24,Ended,Star City Games
Standard,795,Magic Spotlight: The Avatar - SCG CON Atlanta - Saturday - 9:00 am,"https://melee.gg/Tournament/View/351308",2026-01-10,Ended,Star City Games
Standard,750,[Lyon Sat 09:00] Magic Spotlight Series - Lyon 2026,"https://melee.gg/Tournament/View/392401",2026-01-10,Ended,Fanfinity
Standard,685,Magic Spotlight: Teenage Mutant Ninja Turtles - SCG CON Richmond - Saturday - 9:00 am,"https://melee.gg/Tournament/View/385921",2026-03-07,Ended,Star City Games
Standard,275,[Turin Sun 09:30] Ultimate Guard Open: Standard,"https://melee.gg/Tournament/View/409399",2026-03-08,In Progress,Fanfinity
Standard,240,Vancouver Round 11 Regional Championship,"https://melee.gg/Tournament/View/393283",2026-02-21,Ended,F2FTour.com
Standard,211,South America Regional Championship Santiago 2026,"https://melee.gg/Tournament/View/401688",2026-02-14,Ended,Devir Brasil
Standard,191,$uper $unday RCQ - Standard - SCG CON Milwaukee - Sunday - 9:30 am,"https://melee.gg/Tournament/View/395249",2026-02-22,Ended,Star City Games
Standard,182,CAMS Regional Championship - T11,"https://melee.gg/Tournament/View/408838",2026-03-07,Ended,Necrotower gamecenter
Standard,149,2nd Chance PTQ - Sunday - (PT ECL),"https://melee.gg/Tournament/View/401259",2026-02-01,Ended,Wizards of the Coast
Standard,141,$uper $unday RCQ - Standard - SCG CON Portland - Sunday - 9:30 am,"https://melee.gg/Tournament/View/390010",2026-01-25,Ended,Star City Games
Standard,135,LCQ - Standard - SCG CON Portland - Friday - 9:30 am (Online Registration Only),"https://melee.gg/Tournament/View/389967",2026-01-23,Ended,Star City Games
Standard,134,$5K RCQ - Standard - SCG CON Milwaukee - Saturday - 9:30 am,"https://melee.gg/Tournament/View/395245",2026-02-21,Ended,Star City Games
Standard,130,LCQ - Standard - SCG CON Milwaukee - Friday - 9:30 am (Online Registration Only),"https://melee.gg/Tournament/View/395166",2026-02-20,Ended,Star City Games
Standard,120,Arena Championship 11,"https://melee.gg/Tournament/View/402685",2026-02-21,Ended,Wizards of the Coast
Standard,119,[Lyon Sun 09:30] Destination Qualifier: Standard,"https://melee.gg/Tournament/View/394576",2026-01-11,Ended,Fanfinity
Standard,111,$5K RCQ - Standard - SCG CON Portland - Saturday - 9:30 am,"https://melee.gg/Tournament/View/390009",2026-01-24,Ended,Star City Games
Standard,103,ReCQ - Standard - SCG CON Atlanta - Friday - 12:00 pm,"https://melee.gg/Tournament/View/387500",2026-01-09,Ended,Star City Games
Standard,102,Sector Qualifier - Standard Registration - Phoenix - Saturday - 10:00 am,"https://melee.gg/Tournament/View/390211",2026-01-17,Ended,Star City Games
Standard,95,LCQ - Standard - SCG CON Milwaukee - Friday - 12:30 pm,"https://melee.gg/Tournament/View/395178",2026-02-20,Ended,Star City Games
Standard,93,2nd Chance PTQ - Saturday - (PT ECL) ,"https://melee.gg/Tournament/View/401039",2026-01-31,Ended,Wizards of the Coast
Standard,89,LCQ - Standard - SCG CON Milwaukee - Friday - 2:30 pm,"https://melee.gg/Tournament/View/395182",2026-02-20,Ended,Star City Games
Standard,85,$uper $unday RCQ - Standard - SCG CON Atlanta - Sunday - 9:30 am,"https://melee.gg/Tournament/View/387525",2026-01-11,Ended,Star City Games
Standard,83,ReCQ - Standard - SCG CON Atlanta - Friday - 4:00 pm,"https://melee.gg/Tournament/View/387506",2026-01-09,Ended,Star City Games
Standard,83,ReCQ - Standard - SCG CON Richmond - Friday - 12:00 pm,"https://melee.gg/Tournament/View/402350",2026-03-06,Ended,Star City Games
Standard,83,The NYCIS Heavy Play Championship,"https://melee.gg/Tournament/View/391510",2026-01-17,Ended,Hex & Company
Standard,82,$uper $unday RCQ - Standard - SCG CON Richmond - Sunday - 9:30 am,"https://melee.gg/Tournament/View/402340",2026-03-08,Ended,Star City Games
Standard,81,LCQ - Standard - SCG CON Portland - Friday - 3:00 pm,"https://melee.gg/Tournament/View/389979",2026-01-23,Ended,Star City Games
Standard,80,LCQ - Standard - SCG CON Milwaukee - Friday - 10:30 am,"https://melee.gg/Tournament/View/395175",2026-02-20,Ended,Star City Games
Standard,80,LCQ - Standard - SCG CON Milwaukee - Friday - 1:30 pm,"https://melee.gg/Tournament/View/395180",2026-02-20,Ended,Star City Games
Standard,77,LCQ - Standard - SCG CON Milwaukee - Friday - 11:30 am,"https://melee.gg/Tournament/View/395177",2026-02-20,Ended,Star City Games
Standard,77,LCQ - Standard - SCG CON Portland - Friday - 12:00 pm,"https://melee.gg/Tournament/View/389972",2026-01-23,Ended,Star City Games
Standard,76,LCQ - Standard - SCG CON Milwaukee - Friday - 3:00 pm,"https://melee.gg/Tournament/View/395192",2026-02-20,Ended,Star City Games
Standard,76,MIT Championship 台灣冠軍賽-第十一輪 ,"https://melee.gg/Tournament/View/385576",2026-03-08,Ended,GameSquare
Standard,76,ReCQ - Standard - SCG CON Milwaukee - Sunday - 12:00 pm,"https://melee.gg/Tournament/View/395248",2026-02-22,Ended,Star City Games
Standard,75,ReCQ - Standard - SCG CON Atlanta - Friday - 2:00 pm,"https://melee.gg/Tournament/View/387505",2026-01-09,Ended,Star City Games
Standard,74,LCQ - Standard - SCG CON Milwaukee - Friday - 3:30 pm,"https://melee.gg/Tournament/View/395183",2026-02-20,Ended,Star City Games
Standard,71,LCQ - Standard - SCG CON Milwaukee - Friday - 10:00 am,"https://melee.gg/Tournament/View/395186",2026-02-20,Ended,Star City Games
Standard,70,LCQ - Standard - SCG CON Portland - Friday - 1:00 pm,"https://melee.gg/Tournament/View/389974",2026-01-23,Ended,Star City Games
Standard,70,LCQ - Standard - SCG CON Portland - Friday - 10:30 am,"https://melee.gg/Tournament/View/389969",2026-01-23,Ended,Star City Games
Standard,67,LCQ - Standard - SCG CON Milwaukee - Friday - 11:00 am,"https://melee.gg/Tournament/View/395187",2026-02-20,Ended,Star City Games
Standard,67,LCQ - Standard - SCG CON Portland - Friday - 1:30 pm,"https://melee.gg/Tournament/View/389976",2026-01-23,Ended,Star City Games
Standard,66,LCQ - Standard - SCG CON Portland - Friday - 11:30 am,"https://melee.gg/Tournament/View/389971",2026-01-23,Ended,Star City Games
Standard,64,LCQ - Standard - SCG CON Milwaukee - Friday - 2:00 pm,"https://melee.gg/Tournament/View/395191",2026-02-20,Ended,Star City Games
Standard,64,蒼紅杯 ~ローウィンの昏明~ Izzet Explosive Experiment Event,"https://melee.gg/Tournament/View/396293",2026-01-25,Ended,蒼紅杯
Standard,63,LCQ - Standard - SCG CON Milwaukee - Friday - 12:00 pm,"https://melee.gg/Tournament/View/395189",2026-02-20,Ended,Star City Games
Standard,63,LCQ - Standard - SCG CON Portland - Friday - 10:00 am,"https://melee.gg/Tournament/View/389968",2026-01-23,Ended,Star City Games
Standard,63,LCQ - Standard - SCG CON Portland - Friday - 12:30 pm,"https://melee.gg/Tournament/View/389973",2026-01-23,Ended,Star City Games
Standard,62,LCQ - Standard - SCG CON Milwaukee - Friday - 1:00 pm,"https://melee.gg/Tournament/View/395190",2026-02-20,Ended,Star City Games
Standard,60,LCQ - Standard - SCG CON Milwaukee - Friday - 4:30 pm,"https://melee.gg/Tournament/View/395185",2026-02-20,Ended,Star City Games
Standard,58,ReCQ - Standard - SCG CON Richmond - Friday - 2:00 pm,"https://melee.gg/Tournament/View/402349",2026-03-06,Ended,Star City Games
Standard,58,ReCQ - Standard - SCG CON Richmond - Friday - 4:00 pm,"https://melee.gg/Tournament/View/402351",2026-03-06,Ended,Star City Games
Standard,55,LCQ - Standard - SCG CON Milwaukee - Friday - 4:00 pm,"https://melee.gg/Tournament/View/395193",2026-02-20,Ended,Star City Games
Standard,55,LCQ - Standard - SCG CON Portland - Friday - 11:00 am,"https://melee.gg/Tournament/View/389970",2026-01-23,Ended,Star City Games
Standard,54,ReCQ - Standard - SCG CON Milwaukee - Saturday - 3:00 pm,"https://melee.gg/Tournament/View/395247",2026-02-21,Ended,Star City Games
Standard,50,LCQ - Standard - SCG CON Portland - Friday - 2:30 pm,"https://melee.gg/Tournament/View/389978",2026-01-23,Ended,Star City Games
Standard,50,LCQ - Standard - SCG CON Portland - Friday - 3:30 pm,"https://melee.gg/Tournament/View/389980",2026-01-23,Ended,Star City Games
Standard,50,ReCQ - Standard - SCG CON Richmond - Saturday - 4:00 pm,"https://melee.gg/Tournament/View/402353",2026-03-07,Ended,Star City Games
Standard,49,LCQ - Standard - SCG CON Portland - Friday - 4:30 pm,"https://melee.gg/Tournament/View/389983",2026-01-24,Ended,Star City Games
Standard,48,LCQ - Standard - SCG CON Portland - Friday - 2:00 pm,"https://melee.gg/Tournament/View/389977",2026-01-23,Ended,Star City Games
Standard,48,ReCQ - Standard - SCG CON Portland - Saturday - 4:00 pm,"https://melee.gg/Tournament/View/390013",2026-01-25,Ended,Star City Games
Standard,45,$1K Pokemon TCG - SCG CON Atlanta - Sunday - 10:00 am,"https://melee.gg/Tournament/View/391611",2026-01-11,Ended,Star City Games
Standard,44,LCQ - Standard - SCG CON Milwaukee - Friday - 5:00 pm,"https://melee.gg/Tournament/View/395194",2026-02-20,Ended,Star City Games
Standard,43,LCQ - Standard - SCG CON Portland - Friday - 4:00 pm,"https://melee.gg/Tournament/View/389982",2026-01-24,Ended,Star City Games
Standard,37,ReCQ - Standard - SCG CON Atlanta - Sunday - 12:00 pm,"https://melee.gg/Tournament/View/387508",2026-01-11,Ended,Star City Games
Standard,35,LCQ - Standard - SCG CON Portland - Friday - 5:00 pm,"https://melee.gg/Tournament/View/389984",2026-01-24,Ended,Star City Games
Standard,35,ReCQ - Standard - SCG CON Atlanta - Saturday - 4:00 pm,"https://melee.gg/Tournament/View/387507",2026-01-10,Ended,Star City Games
Standard,31,Mont RCQ Standard,"https://melee.gg/Tournament/View/406270",2026-02-21,Ended,Mont CardShop
Standard,31,ReCQ - Standard - SCG CON Portland - Sunday - 11:00 am,"https://melee.gg/Tournament/View/390014",2026-01-25,Ended,Star City Games
Standard,24,ReCQ - Standard - SCG CON Richmond - Sunday - 12:00 pm,"https://melee.gg/Tournament/View/402347",2026-03-08,Ended,Star City Games
Standard,19,ANZ Regional Qualifier ,"https://melee.gg/Tournament/View/408742",2026-02-28,Ended,The Gaming Arena Coburg
Timeless,58,Timeless Jan 10th Open - $600 Prize Pool ,"https://melee.gg/Tournament/View/391270",2026-01-10,Ended,Novos Tournaments
Timeless,32,Timeless - Feb 22nd Open - $60 Prizepool,"https://melee.gg/Tournament/View/402210",2026-02-22,Ended,Novos Tournaments
Timeless,32,Timeless - Lorwyn Stakes Open - $100 Prize Pool,"https://melee.gg/Tournament/View/392735",2026-01-31,Ended,Novos Tournaments
Timeless,18,Timeless Artisan Cup - February 2026,"https://melee.gg/Tournament/View/397607",2026-02-11,Ended,MTGA Artisan
Vintage,53,$1K - Value Vintage - SCG CON Richmond - Sunday - 9:00 am,"https://melee.gg/Tournament/View/402334",2026-03-08,Ended,Star City Games
Vintage,31,$1K - Value Vintage - SCG CON Atlanta - Sunday - 9:00 am,"https://melee.gg/Tournament/View/387520",2026-01-11,Ended,Star City Games
Vintage,22,$1K - Value Vintage - SCG CON Milwaukee - Sunday - 9:30 am,"https://melee.gg/Tournament/View/395250",2026-02-22,Ended,Star City Games
Vintage,19,Joe King Open - February 2026,"https://melee.gg/Tournament/View/399395",2026-02-21,Ended,Joking101
Vintage,16,VFN Invitational,"https://melee.gg/Tournament/View/407221",2026-02-28,Ended,Voltie's Fight Nights
